[{"id":1,"first_name":"Rudolph","last_name":"Winspear","email":"rwinspear0@telegraph.co.uk","gender":"Female","ip_address":"71.39.105.62"},
{"id":2,"first_name":"Felita","last_name":"Hallen","email":"fhallen1@reuters.com","gender":"Male","ip_address":"41.36.83.173"},
{"id":3,"first_name":"Filide","last_name":"Heims","email":"fheims2@alexa.com","gender":"Female","ip_address":"143.56.195.66"},
{"id":4,"first_name":"Eddie","last_name":"Belden","email":"ebelden3@dion.ne.jp","gender":"Female","ip_address":"217.163.130.42"},
{"id":5,"first_name":"Jaquenetta","last_name":"Osipenko","email":"josipenko4@odnoklassniki.ru","gender":"Female","ip_address":"254.123.182.16"},
{"id":6,"first_name":"Florina","last_name":"Capnor","email":"fcapnor5@rediff.com","gender":"Male","ip_address":"207.173.162.228"},
{"id":7,"first_name":"Coletta","last_name":"Filipov","email":"cfilipov6@amazon.com","gender":"Female","ip_address":"218.69.188.59"},
{"id":8,"first_name":"Keary","last_name":"Yakunkin","email":"kyakunkin7@ca.gov","gender":"Male","ip_address":"49.71.1.188"}
]