<?xml version="1.0" encoding="utf-8" ?>
<!DOCTYPE tiles-definitions PUBLIC
       "-//Apache Software Foundation//DTD Tiles Configuration 3.0//EN"
       "http://tiles.apache.org/dtds/tiles-config_3_0.dtd">

<tiles-definitions>
	<definition name="home" template="/WEB-INF/jsp/layout/template.jsp">
		<put-attribute name="title" value="Welcome to Home!!" />
		<put-attribute name="head" value="/WEB-INF/jsp/layout/head.jsp" />
		<put-attribute name="menu" value="/WEB-INF/jsp/layout/menu.jsp" />
		<put-attribute name="body" value="/WEB-INF/jsp/layout/home.jsp" />
		<put-attribute name="foot" value="/WEB-INF/jsp/layout/foot.jsp" />
	</definition>

	<definition name="WILDCARD:*/*" extends="home">
		<put-attribute name="body" value="/WEB-INF/jsp/{1}/{2}.jsp" />
	</definition>
</tiles-definitions>